genename	sampname	gene	samp	value
HLA-DOB	0	1	1	-1.00220773951462
HLA-DOB	0	1	2	-0.31792474082192
HLA-DOB	0	1	3	0.783165197518733
HLA-DOB	0	1	4	-0.43716243447507
HLA-DOB	0	1	5	0.276552185798101
HLA-DOB	0	1	6	1.88221267428164
HLA-DOB	0	1	7	-0.727463194488742
HLA-DOB	0	1	8	0.276552185798101
HLA-DOB	0	1	9	1.56329555427719
HLA-DOB	0	1	10	-1.79884015042926
HLA-DOB	0	1	11	-1.02479673483705
HLA-DOB	0	1	12	-0.613836622234088
HLA-DOB	0	1	13	-0.967161886033971
HLA-DOB	0	1	14	1.68055813520164
HLA-DOB	0	1	15	-0.419737409894368
HLA-DOB	0	1	16	-0.00836405314898129
HLA-DOB	0	1	17	-0.0207944532282687
HLA-DOB	0	1	18	0.0203763748047752
HLA-DOB	0	1	19	-0.292002404045011
HLA-DOB	0	1	20	1.9996598149994
HLA-DOB	0	1	21	0.680522078563431
HLA-DOB	0	1	22	-0.472421882339273
HLA-DOB	0	1	23	-1.02479673483705
HLA-DOB	0	1	24	-0.0353837609153406
HLA-DOB	1	1	25	-0.808490050562494
HLA-DOB	1	1	26	0.232426009856591
HLA-DOB	1	1	27	1.70194203154943
HLA-DOB	1	1	28	2.51565129844857
HLA-DOB	1	1	29	2.11612450376986
HLA-DOB	1	1	30	-0.707653548868789
HLA-DOB	1	1	31	1.22899779276338
HLA-DOB	1	1	32	-2.83007702074302
HLA-DOB	1	1	33	0.599956740528483
HLA-DOB	1	1	34	1.47089531622765
HLA-DOB	1	1	35	1.08233181255721
HLA-DOB	1	1	36	-4.82082452311212
HLA-DOB	1	1	37	0.552132312106636
HLA-DOB	1	1	38	-0.171119490242924
HLA-DOB	1	1	39	-3.72244173437601
HLA-DOB	1	1	40	1.21943156018272
HLA-DOB	1	1	41	-4.1987409194781
HLA-DOB	1	1	42	-4.49594091929495
IL12B	0	2	1	-0.212938539204662
IL12B	0	2	2	-0.512157394037856
IL12B	0	2	3	0.595471680918532
IL12B	0	2	4	-0.366891628964176
IL12B	0	2	5	-0.0201461084911048
IL12B	0	2	6	0.0272370659436256
IL12B	0	2	7	-0.59555160604195
IL12B	0	2	8	0.0521665159451888
IL12B	0	2	9	0.180948873985615
IL12B	0	2	10	-0.590206635498991
IL12B	0	2	11	0.293855532951435
IL12B	0	2	12	0.964434848465602
IL12B	0	2	13	0.0236429296663979
IL12B	0	2	14	0.00918289654669254
IL12B	0	2	15	0.470968276227805
IL12B	0	2	16	0.361929645706798
IL12B	0	2	17	-3.80889750007067
IL12B	0	2	18	1.00520877045037
IL12B	0	2	19	-0.807430272044896
IL12B	0	2	20	1.05239764035293
IL12B	0	2	21	1.32464507151926
IL12B	0	2	22	0.887826687797722
IL12B	0	2	23	0.161309235136602
IL12B	0	2	24	-0.497005987260268
IL12B	1	2	25	0.190676631196093
IL12B	1	2	26	0.174429795917388
IL12B	1	2	27	-0.452416246296371
IL12B	1	2	28	0.416004644433419
IL12B	1	2	29	0.0871020016631897
IL12B	1	2	30	-0.442678355939527
IL12B	1	2	31	0.970325431607953
IL12B	1	2	32	0.995597034938127
IL12B	1	2	33	0.83315239780712
IL12B	1	2	34	0.978145058487307
IL12B	1	2	35	-5.02060584671257
IL12B	1	2	36	-1.04556252295242
IL12B	1	2	37	-0.242536177399905
IL12B	1	2	38	-4.61889329882846
IL12B	1	2	39	-0.334859952497429
IL12B	1	2	40	-1.37017650337952
IL12B	1	2	41	-0.889286452550077
IL12B	1	2	42	-3.21984876799842
IFNG	0	3	1	-0.529060414763727
IFNG	0	3	2	-0.589171718407853
IFNG	0	3	3	0.485121912732206
IFNG	0	3	4	-0.641748376867181
IFNG	0	3	5	0.695414875393754
IFNG	0	3	6	0.0585343087196768
IFNG	0	3	7	0.0893244587837546
IFNG	0	3	8	-0.717972218756699
IFNG	0	3	9	0.324114240336402
IFNG	0	3	10	-0.805706266826753
IFNG	0	3	11	0.113039327275815
IFNG	0	3	12	-0.655049023737442
IFNG	0	3	13	-1.13918879551303
IFNG	0	3	14	1.65596390018103
IFNG	0	3	15	-0.093461071918126
IFNG	0	3	16	-1.25249789107546
IFNG	0	3	17	0.623322808620091
IFNG	0	3	18	0.826410248427193
IFNG	0	3	19	-2.22442466786219
IFNG	0	3	20	1.36603923718996
IFNG	0	3	21	2.37642611475482
IFNG	0	3	22	0.392080542215654
IFNG	0	3	23	0.0961207553936125
IFNG	0	3	24	-0.453632284295503
IFNG	1	3	25	-0.227416487861826
IFNG	1	3	26	1.09032781483496
IFNG	1	3	27	-0.108030936374163
IFNG	1	3	28	1.07125858572518
IFNG	1	3	29	-0.104381321931435
IFNG	1	3	30	-0.731642631598437
IFNG	1	3	31	0.595090751219547
IFNG	1	3	32	1.63455179166501
IFNG	1	3	33	2.24144636373848
IFNG	1	3	34	2.12920241095018
IFNG	1	3	35	-1.74515655140828
IFNG	1	3	36	-0.208422002390914
IFNG	1	3	37	1.04240779930566
IFNG	1	3	38	0.452461674667841
IFNG	1	3	39	-1.52414198227533
IFNG	1	3	40	1.35309890327407
IFNG	1	3	41	0.714509773025419
IFNG	1	3	42	-5.01797826118285
HSPD1	0	4	1	-0.654026200911409
HSPD1	0	4	2	-1.2451950625719
HSPD1	0	4	3	0.551164548558054
HSPD1	0	4	4	0.378372162326704
HSPD1	0	4	5	-1.90637572688434
HSPD1	0	4	6	-1.5779193361512
HSPD1	0	4	7	-0.827246888611287
HSPD1	0	4	8	-0.886138832368565
HSPD1	0	4	9	-0.333643078095648
HSPD1	0	4	10	-0.341916081109365
HSPD1	0	4	11	-0.892695478234788
HSPD1	0	4	12	2.19142154448448
HSPD1	0	4	13	1.93103382444832
HSPD1	0	4	14	0.209817402223836
HSPD1	0	4	15	0.268858483564602
HSPD1	0	4	16	-0.764474487919788
HSPD1	0	4	17	0.141317389701903
HSPD1	0	4	18	1.17423759930825
HSPD1	0	4	19	0.48400663574129
HSPD1	0	4	20	0.787991532690748
HSPD1	0	4	21	0.373131095908758
HSPD1	0	4	22	0.287870830966896
HSPD1	0	4	23	0.190249598710217
HSPD1	0	4	24	0.460158524224223
HSPD1	1	4	25	-1.06832709618279
HSPD1	1	4	26	1.46640692882749
HSPD1	1	4	27	-0.123328735816861
HSPD1	1	4	28	-2.96972677074312
HSPD1	1	4	29	-1.53375080341163
HSPD1	1	4	30	-0.291694218937928
HSPD1	1	4	31	-0.717628356887654
HSPD1	1	4	32	-1.83878649775634
HSPD1	1	4	33	1.66131928922267
HSPD1	1	4	34	-1.34130257001835
HSPD1	1	4	35	-1.56184433081456
HSPD1	1	4	36	-0.504081703519034
HSPD1	1	4	37	-3.11437776088979
HSPD1	1	4	38	-1.64712130309002
HSPD1	1	4	39	-0.349725489321164
HSPD1	1	4	40	-2.74020576724077
HSPD1	1	4	41	-0.0920267490862006
HSPD1	1	4	42	0.107649150720562
IL12A	0	5	1	-0.813567035243106
IL12A	0	5	2	-0.833049485362753
IL12A	0	5	3	0.74390457612479
IL12A	0	5	4	-0.801938119578101
IL12A	0	5	5	-0.836961232516467
IL12A	0	5	6	-1.50026277312057
IL12A	0	5	7	-0.809685709981185
IL12A	0	5	8	0.047880251002493
IL12A	0	5	9	0.580207187791508
IL12A	0	5	10	0.994047683019339
IL12A	0	5	11	-1.67113299622678
IL12A	0	5	12	1.07781376104565
IL12A	0	5	13	-0.904254896396719
IL12A	0	5	14	1.97569460161078
IL12A	0	5	15	0.430203772964371
IL12A	0	5	16	1.04040872479931
IL12A	0	5	17	0.401869056408869
IL12A	0	5	18	0.841570424564891
IL12A	0	5	19	0.162185809130138
IL12A	0	5	20	0.623781082267514
IL12A	0	5	21	1.38938339182064
IL12A	0	5	22	-1.44700532689278
IL12A	0	5	23	-0.451823951821168
IL12A	0	5	24	-0.239268795410681
IL12A	1	5	25	-1.18525534732551
IL12A	1	5	26	-0.607230815740169
IL12A	1	5	27	-0.116773227392604
IL12A	1	5	28	-0.213729689467138
IL12A	1	5	29	0.242411225112397
IL12A	1	5	30	-0.58555804064718
IL12A	1	5	31	2.71853462035547
IL12A	1	5	32	-0.848727228088122
IL12A	1	5	33	0.859394536836783
IL12A	1	5	34	1.05501070019342
IL12A	1	5	35	-2.80868638392174
IL12A	1	5	36	-2.9086385291056
IL12A	1	5	37	-0.58555804064718
IL12A	1	5	38	-1.78712940838466
IL12A	1	5	39	-0.188406561634812
IL12A	1	5	40	-3.8897199156991
IL12A	1	5	41	0.256028538349128
IL12A	1	5	42	0.506144665041884
LTA	0	6	1	-0.6152818696378
LTA	0	6	2	-0.0467863737160962
LTA	0	6	3	-0.143232136462837
LTA	0	6	4	-0.878835354541392
LTA	0	6	5	0.0469612485273272
LTA	0	6	6	-0.909440671890468
LTA	0	6	7	-1.13188071627164
LTA	0	6	8	-0.559426260695338
LTA	0	6	9	-0.267828604121681
LTA	0	6	10	-0.397236919601832
LTA	0	6	11	-0.672084228768881
LTA	0	6	12	-0.0946623159135411
LTA	0	6	13	0.182841710573294
LTA	0	6	14	0.248770242512156
LTA	0	6	15	-1.33504952320183
LTA	0	6	16	0.000415236981941567
LTA	0	6	17	1.28817972431991
LTA	0	6	18	1.47440868579033
LTA	0	6	19	2.14278859483571
LTA	0	6	20	-0.700850576706772
LTA	0	6	21	2.60417012657077
LTA	0	6	22	-0.818450676567997
LTA	0	6	23	0.6771729739002
LTA	0	6	24	-0.0946623159135411
LTA	1	6	25	-1.06680568209821
LTA	1	6	26	-0.0946623159135411
LTA	1	6	27	-0.84850701218796
LTA	1	6	28	1.25611001588008
LTA	1	6	29	-0.0706388513338977
LTA	1	6	30	-1.03473597365838
LTA	1	6	31	0.50023258155927
LTA	1	6	32	-2.29914664552631
LTA	1	6	33	0.226937859382174
LTA	1	6	34	2.75173366634827
LTA	1	6	35	-0.6152818696378
LTA	1	6	36	-0.818450676567997
LTA	1	6	37	-0.84850701218796
LTA	1	6	38	-0.423729223238665
LTA	1	6	39	4.02350166050796
LTA	1	6	40	2.22825338206475
LTA	1	6	41	-0.118859236612778
LTA	1	6	42	0.540367899085814
TNF	0	7	1	0.106140026762051
TNF	0	7	2	-0.274442109126425
TNF	0	7	3	-1.13705240051812
TNF	0	7	4	-0.359947301692507
TNF	0	7	5	-0.258117965689222
TNF	0	7	6	-0.834702747090404
TNF	0	7	7	-0.254869884569004
TNF	0	7	8	0.616311340544298
TNF	0	7	9	-0.502333781650075
TNF	0	7	10	0.157774448281299
TNF	0	7	11	0.0238596655522562
TNF	0	7	12	0.357229394597005
TNF	0	7	13	-1.02191125730999
TNF	0	7	14	0.680886279639358
TNF	0	7	15	1.17288076328925
TNF	0	7	16	-0.0916960593828415
TNF	0	7	17	1.56339803812839
TNF	0	7	18	0.181140966543921
TNF	0	7	19	-1.18143295616962
TNF	0	7	20	2.24749683650649
TNF	0	7	21	1.31807810065114
TNF	0	7	22	-2.30878946027334
TNF	0	7	23	0.597747462876061
TNF	0	7	24	-0.797647399899974
TNF	1	7	25	-0.616587415955551
TNF	1	7	26	-0.0402743973909842
TNF	1	7	27	-0.744433210835194
TNF	1	7	28	-0.214730128666312
TNF	1	7	29	0.353697822489099
TNF	1	7	30	-1.80763387198024
TNF	1	7	31	-0.0783399691349802
TNF	1	7	32	-0.277723820093655
TNF	1	7	33	-0.543434126632806
TNF	1	7	34	1.22724177863551
TNF	1	7	35	-1.5665836847713
TNF	1	7	36	-1.87870068497625
TNF	1	7	37	-0.595120526788471
TNF	1	7	38	0.139399899218418
TNF	1	7	39	-1.85973989946187
TNF	1	7	40	0.221985511740123
TNF	1	7	41	-3.5612367380269
TNF	1	7	42	-1.14999833909933
HLA-F	0	8	1	0.833739711305265
HLA-F	0	8	2	0.0176115558332388
HLA-F	0	8	3	-1.38728525127935
HLA-F	0	8	4	1.28725424393186
HLA-F	0	8	5	-0.344947876867901
HLA-F	0	8	6	0.266870397355459
HLA-F	0	8	7	0.315112885106827
HLA-F	0	8	8	-1.43020464268704
HLA-F	0	8	9	0.879964012418712
HLA-F	0	8	10	0.866530685763553
HLA-F	0	8	11	-0.601566307673254
HLA-F	0	8	12	-1.31813044526805
HLA-F	0	8	13	-0.839112678974078
HLA-F	0	8	14	1.69751502030808
HLA-F	0	8	15	-0.355737100248922
HLA-F	0	8	16	1.69887409792618
HLA-F	0	8	17	-0.774174458794173
HLA-F	0	8	18	-0.626608628377464
HLA-F	0	8	19	1.45527606614267
HLA-F	0	8	20	0.198070111143381
HLA-F	0	8	21	0.511454660719943
HLA-F	0	8	22	-1.52259262857942
HLA-F	0	8	23	-0.630062245173646
HLA-F	0	8	24	-0.197851184031906
HLA-F	1	8	25	-1.32310628263921
HLA-F	1	8	26	0.833134667952516
HLA-F	1	8	27	1.56834022923364
HLA-F	1	8	28	-1.5526896768023
HLA-F	1	8	29	1.63894431946479
HLA-F	1	8	30	-2.31242602239044
HLA-F	1	8	31	0.128797688322728
HLA-F	1	8	32	0.965694310710259
HLA-F	1	8	33	-1.63861050772416
HLA-F	1	8	34	0.209274616759056
HLA-F	1	8	35	-0.227473519845347
HLA-F	1	8	36	0.341621180754751
HLA-F	1	8	37	2.90513618754787
HLA-F	1	8	38	2.02812411325937
HLA-F	1	8	39	3.43994921206324
HLA-F	1	8	40	0.814317309035824
HLA-F	1	8	41	0.633267058889344
HLA-F	1	8	42	1.44247263538946
ICA1	0	9	1	0.226351336636646
ICA1	0	9	2	0.846468738525251
ICA1	0	9	3	0.982570327629108
ICA1	0	9	4	0.51228244929516
ICA1	0	9	5	0.2291249142081
ICA1	0	9	6	0.456734267857315
ICA1	0	9	7	0.629778175891191
ICA1	0	9	8	-0.997645872633337
ICA1	0	9	9	-0.471254274311917
ICA1	0	9	10	-0.781431572368114
ICA1	0	9	11	1.29093837534404
ICA1	0	9	12	-0.463652610745852
ICA1	0	9	13	-0.990407875980888
ICA1	0	9	14	0.178659115692985
ICA1	0	9	15	0.036640666594218
ICA1	0	9	16	-0.182590267652173
ICA1	0	9	17	-1.1270310713269
ICA1	0	9	18	0.0681716516721334
ICA1	0	9	19	0.435380004186425
ICA1	0	9	20	-0.255605294061592
ICA1	0	9	21	0.32937062027834
ICA1	0	9	22	-3.32468135897009
ICA1	0	9	23	0.979613372974944
ICA1	0	9	24	1.392216181265
ICA1	1	9	25	1.4835608875692
ICA1	1	9	26	1.55309544474002
ICA1	1	9	27	0.255301451454683
ICA1	1	9	28	-0.774868214030321
ICA1	1	9	29	0.587772833148984
ICA1	1	9	30	-1.44631704885832
ICA1	1	9	31	0.96873717468293
ICA1	1	9	32	1.9885795394272
ICA1	1	9	33	-1.68042839238532
ICA1	1	9	34	0.456734267857315
ICA1	1	9	35	0.626308113837715
ICA1	1	9	36	-0.0434321784456023
ICA1	1	9	37	-1.60277648372065
ICA1	1	9	38	0.873541233608804
ICA1	1	9	39	1.24156881881625
ICA1	1	9	40	-3.72695211715677
ICA1	1	9	41	1.17487885370495
ICA1	1	9	42	0.477883835690208
INS	0	10	1	-0.911022386385009
INS	0	10	2	-0.52296696638826
INS	0	10	3	-0.583419694209576
INS	0	10	4	-1.20988133258423
INS	0	10	5	-0.189249660868497
INS	0	10	6	-1.05577914274454
INS	0	10	7	-1.95045537733669
INS	0	10	8	1.30478285877622
INS	0	10	9	-0.038393909606534
INS	0	10	10	0.405053172126175
INS	0	10	11	-1.20988133258423
INS	0	10	12	0.0571290363887627
INS	0	10	13	-1.05577914274454
INS	0	10	14	0.237422587989323
INS	0	10	15	0.880523702803007
INS	0	10	16	-0.52296696638826
INS	0	10	17	0.599286646225203
INS	0	10	18	2.29137263731241
INS	0	10	19	0.636306848342669
INS	0	10	20	1.24859779108311
INS	0	10	21	-0.0876277199707649
INS	0	10	22	1.38665677248688
INS	0	10	23	0.280446368309334
INS	0	10	24	0.00984520996801763
INS	1	10	25	-1.05577914274454
INS	1	10	26	0.97799663274179
INS	1	10	27	-1.37461942066041
INS	1	10	28	-0.038393909606534
INS	1	10	29	-0.709120042907492
INS	1	10	30	-0.189249660868497
INS	1	10	31	2.34584850292389
INS	1	10	32	2.25435243519494
INS	1	10	33	0.847127980714165
INS	1	10	34	0.103494671986392
INS	1	10	35	-0.0876277199707649
INS	1	10	36	-0.982303954562922
INS	1	10	37	1.33238727265109
INS	1	10	38	0.280446368309334
INS	1	10	39	0.405053172126175
INS	1	10	40	0.523478526537931
INS	1	10	41	4.0365530909028
INS	1	10	42	-0.295389588366954
HLA-E	0	11	1	0.261204497641223
HLA-E	0	11	2	-0.436848884165556
HLA-E	0	11	3	-0.696874151097121
HLA-E	0	11	4	-0.163259341033052
HLA-E	0	11	5	-0.570067968657116
HLA-E	0	11	6	-0.393356386573113
HLA-E	0	11	7	-0.604243144081043
HLA-E	0	11	8	-1.02076626312614
HLA-E	0	11	9	0.746965967963942
HLA-E	0	11	10	1.15435696849638
HLA-E	0	11	11	-1.88602773220725
HLA-E	0	11	12	-0.277256549684572
HLA-E	0	11	13	-0.707630512458647
HLA-E	0	11	14	1.02362128984677
HLA-E	0	11	15	0.93489555144268
HLA-E	0	11	16	0.481220498940117
HLA-E	0	11	17	-0.0997086337919901
HLA-E	0	11	18	1.40714429665278
HLA-E	0	11	19	0.404317862115773
HLA-E	0	11	20	2.28912883469189
HLA-E	0	11	21	-0.694637712996021
HLA-E	0	11	22	0.637504439117425
HLA-E	0	11	23	0.172692349430461
HLA-E	0	11	24	-1.9623752764678
HLA-E	1	11	25	-1.11810125325247
HLA-E	1	11	26	0.191473949117156
HLA-E	1	11	27	0.15104476399169
HLA-E	1	11	28	-2.21633404458505
HLA-E	1	11	29	0.153801663332247
HLA-E	1	11	30	-2.31269393552626
HLA-E	1	11	31	1.46266766072633
HLA-E	1	11	32	-0.79544772340362
HLA-E	1	11	33	-0.184976724215472
HLA-E	1	11	34	1.14700449997446
HLA-E	1	11	35	0.281802320492444
HLA-E	1	11	36	-1.89765748882577
HLA-E	1	11	37	1.11178733763868
HLA-E	1	11	38	0.419590604571069
HLA-E	1	11	39	0.981163944806529
HLA-E	1	11	40	2.90289773130313
HLA-E	1	11	41	-2.57125237452029
HLA-E	1	11	42	2.3138678415138
CPE	0	12	1	-0.329176115482047
CPE	0	12	2	-0.883004896765621
CPE	0	12	3	0.409834417868086
CPE	0	12	4	-0.245332301991275
CPE	0	12	5	0.243773432705973
CPE	0	12	6	1.06255766574758
CPE	0	12	7	0.204714836887473
CPE	0	12	8	-0.172183826770447
CPE	0	12	9	0.69603644304484
CPE	0	12	10	-1.55015002875808
CPE	0	12	11	1.31899982657177
CPE	0	12	12	0.877758499689968
CPE	0	12	13	1.02227269518601
CPE	0	12	14	-0.0513233795119006
CPE	0	12	15	-1.17062857829266
CPE	0	12	16	0.982391572053937
CPE	0	12	17	-0.84568733419732
CPE	0	12	18	0.175988708638841
CPE	0	12	19	0.977040860862767
CPE	0	12	20	0.134310638424546
CPE	0	12	21	0.885108661749331
CPE	0	12	22	-0.983867052887721
CPE	0	12	23	0.131165165158447
CPE	0	12	24	-2.89059990993249
CPE	1	12	25	-0.222653927093975
CPE	1	12	26	1.91036737121517
CPE	1	12	27	1.65536807931177
CPE	1	12	28	0.619138817303624
CPE	1	12	29	0.194372185392965
CPE	1	12	30	-0.370836710811331
CPE	1	12	31	-0.978371779753932
CPE	1	12	32	-0.205439978352556
CPE	1	12	33	0.464919332313253
CPE	1	12	34	1.07672239463627
CPE	1	12	35	0.172291612269313
CPE	1	12	36	1.07122582468123
CPE	1	12	37	-0.443382251883494
CPE	1	12	38	-3.42903284260037
CPE	1	12	39	-1.00934197484516
CPE	1	12	40	1.003245423707
CPE	1	12	41	-0.408429245003096
CPE	1	12	42	1.36872885353297
HLA-DRB5	0	13	1	-0.246577000611432
HLA-DRB5	0	13	2	0.376486526478834
HLA-DRB5	0	13	3	-1.42618734472475
HLA-DRB5	0	13	4	0.278357983044102
HLA-DRB5	0	13	5	-0.117328660315944
HLA-DRB5	0	13	6	0.729592990637829
HLA-DRB5	0	13	7	0.159771544466388
HLA-DRB5	0	13	8	0.177430994075581
HLA-DRB5	0	13	9	0.261351556748045
HLA-DRB5	0	13	10	-0.126709288788928
HLA-DRB5	0	13	11	-0.524036456048975
HLA-DRB5	0	13	12	-0.285197324173143
HLA-DRB5	0	13	13	-0.287021342254529
HLA-DRB5	0	13	14	0.289374355102172
HLA-DRB5	0	13	15	2.92105981520393
HLA-DRB5	0	13	16	-0.101047699961307
HLA-DRB5	0	13	17	0.755383448782535
HLA-DRB5	0	13	18	-0.0621698102205391
HLA-DRB5	0	13	19	0.236139058055855
HLA-DRB5	0	13	20	1.31175329742553
HLA-DRB5	0	13	21	0.07724276330144
HLA-DRB5	0	13	22	-0.277913607747027
HLA-DRB5	0	13	23	-2.14151159971677
HLA-DRB5	0	13	24	-1.97824419875888
HLA-DRB5	1	13	25	-0.514619991877419
HLA-DRB5	1	13	26	1.91784587623378
HLA-DRB5	1	13	27	-0.122701355686102
HLA-DRB5	1	13	28	-1.10625433330932
HLA-DRB5	1	13	29	0.789498803231955
HLA-DRB5	1	13	30	0.709099995639324
HLA-DRB5	1	13	31	-0.671356672368157
HLA-DRB5	1	13	32	-1.68652765478791
HLA-DRB5	1	13	33	-1.25221324738965
HLA-DRB5	1	13	34	0.52789103360916
HLA-DRB5	1	13	35	-0.579068282689665
HLA-DRB5	1	13	36	-0.305697391566184
HLA-DRB5	1	13	37	1.68273821212929
HLA-DRB5	1	13	38	0.0530215372103906
HLA-DRB5	1	13	39	0.185605316162577
HLA-DRB5	1	13	40	2.01083763305787
HLA-DRB5	1	13	41	-2.08724705611995
HLA-DRB5	1	13	42	-0.292257066414842
CD80	0	14	1	-0.295611347196304
CD80	0	14	2	0.403683309471916
CD80	0	14	3	0.962702591971247
CD80	0	14	4	-0.660593392955597
CD80	0	14	5	-0.660593392955597
CD80	0	14	6	0.0140229773920801
CD80	0	14	7	-0.999503379091423
CD80	0	14	8	1.0754619034974
CD80	0	14	9	-0.470472753922717
CD80	0	14	10	0.958295499887986
CD80	0	14	11	-0.145211311364926
CD80	0	14	12	0.261801035602806
CD80	0	14	13	-1.49213941777507
CD80	0	14	14	1.48877978144807
CD80	0	14	15	-0.121295724407017
CD80	0	14	16	-2.64945689084677
CD80	0	14	17	1.54005177579774
CD80	0	14	18	0.619419059701419
CD80	0	14	19	-1.34225662856548
CD80	0	14	20	0.384088248300561
CD80	0	14	21	1.08559145839565
CD80	0	14	22	0.0535104149083208
CD80	0	14	23	0.312389821770316
CD80	0	14	24	-0.322663639064629
CD80	1	14	25	0.241757510357235
CD80	1	14	26	0.0217842170181936
CD80	1	14	27	-0.360417342563794
CD80	1	14	28	-0.212095525511243
CD80	1	14	29	0.0997832625098784
CD80	1	14	30	0.235620546263475
CD80	1	14	31	-0.0803182795475278
CD80	1	14	32	0.715904889872424
CD80	1	14	33	0.763281519538586
CD80	1	14	34	1.66296367352324
CD80	1	14	35	-0.267784368918839
CD80	1	14	36	0.0573248268654255
CD80	1	14	37	0.52923304969944
CD80	1	14	38	0.0179070512521884
CD80	1	14	39	-1.37142008528639
CD80	1	14	40	0.270458457137622
CD80	1	14	41	-0.03214094022031
CD80	1	14	42	-3.76632442858113
CD86	0	15	1	-1.18870356882352
CD86	0	15	2	0.774270657394938
CD86	0	15	3	-1.12119856981949
CD86	0	15	4	-1.05013626191482
CD86	0	15	5	-0.3695740205094
CD86	0	15	6	0.732647376655724
CD86	0	15	7	0.355385879724381
CD86	0	15	8	-2.03000264606898
CD86	0	15	9	0.345883877320249
CD86	0	15	10	0.906406545502265
CD86	0	15	11	0.323596558715926
CD86	0	15	12	-0.422186705672746
CD86	0	15	13	-0.7585116631536
CD86	0	15	14	0.831603749437724
CD86	0	15	15	-0.373589036647852
CD86	0	15	16	0.049593970153075
CD86	0	15	17	0.99227113705685
CD86	0	15	18	1.02797962841174
CD86	0	15	19	1.93561611291949
CD86	0	15	20	-0.306043387014788
CD86	0	15	21	1.39988816639496
CD86	0	15	22	-1.5803935550245
CD86	0	15	23	0.320399299314741
CD86	0	15	24	-0.795203544352368
CD86	1	15	25	0.421082495489617
CD86	1	15	26	0.216273282961252
CD86	1	15	27	-0.137873778511972
CD86	1	15	28	-1.03013363302628
CD86	1	15	29	1.4839958329038
CD86	1	15	30	-0.898446967075597
CD86	1	15	31	1.73530447546028
CD86	1	15	32	1.20049925457512
CD86	1	15	33	0.518543270307124
CD86	1	15	34	2.62644737074699
CD86	1	15	35	0.615886033766752
CD86	1	15	36	-0.18282499019093
CD86	1	15	37	2.57653423612538
CD86	1	15	38	1.26686055770031
CD86	1	15	39	2.30057883437082
CD86	1	15	40	-0.0680307696661773
CD86	1	15	41	-1.00037389164803
CD86	1	15	42	1.74333451122656
PRF1	0	16	1	1.00727591027923
PRF1	0	16	2	-0.281934991635099
PRF1	0	16	3	-1.26678927883756
PRF1	0	16	4	0.438314002530467
PRF1	0	16	5	-0.366830999226972
PRF1	0	16	6	-0.310814968766863
PRF1	0	16	7	0.446138925564864
PRF1	0	16	8	-2.0283219274157
PRF1	0	16	9	1.67100060991321
PRF1	0	16	10	1.01894286344807
PRF1	0	16	11	1.21795205911691
PRF1	0	16	12	-1.21036196293967
PRF1	0	16	13	-1.38566220474989
PRF1	0	16	14	-0.926505411901038
PRF1	0	16	15	0.339024824290916
PRF1	0	16	16	0.232743410618859
PRF1	0	16	17	-0.955342551490074
PRF1	0	16	18	0.498512535821693
PRF1	0	16	19	0.731431227281759
PRF1	0	16	20	0.809926413945854
PRF1	0	16	21	1.61513346283613
PRF1	0	16	22	-0.473978384972628
PRF1	0	16	23	-0.807874380348753
PRF1	0	16	24	-0.0119791833636981
PRF1	1	16	25	-0.458832819644988
PRF1	1	16	26	0.770894902821519
PRF1	1	16	27	0.950058187499198
PRF1	1	16	28	1.03057175144921
PRF1	1	16	29	1.86516818550443
PRF1	1	16	30	-1.39547657812109
PRF1	1	16	31	2.69914222966748
PRF1	1	16	32	-0.124852802158107
PRF1	1	16	33	1.24928633574317
PRF1	1	16	34	-1.85647150865476
PRF1	1	16	35	-0.342367958716876
PRF1	1	16	36	-0.883682497779531
PRF1	1	16	37	3.01783024762342
PRF1	1	16	38	-0.484111301564531
PRF1	1	16	39	0.0497028432181566
PRF1	1	16	40	2.60655907600373
PRF1	1	16	41	-0.594899254539097
PRF1	1	16	42	0.521544932678899
PTPRN2	0	17	1	0.873336555734084
PTPRN2	0	17	2	-0.172058382964286
PTPRN2	0	17	3	-1.31955120400859
PTPRN2	0	17	4	0.310712836115028
PTPRN2	0	17	5	0.741368487552521
PTPRN2	0	17	6	0.777735895402331
PTPRN2	0	17	7	0.626009201123492
PTPRN2	0	17	8	0.457090615747588
PTPRN2	0	17	9	0.699745152553341
PTPRN2	0	17	10	0.13106735570922
PTPRN2	0	17	11	0.680051031460515
PTPRN2	0	17	12	-0.0159773406725862
PTPRN2	0	17	13	0.201600389978611
PTPRN2	0	17	14	0.311666112780245
PTPRN2	0	17	15	-1.3656530558474
PTPRN2	0	17	16	0.547058377724511
PTPRN2	0	17	17	0.974103428250326
PTPRN2	0	17	18	-1.31545298456356
PTPRN2	0	17	19	0.532297462053179
PTPRN2	0	17	20	0.592430774157574
PTPRN2	0	17	21	-1.44086951744726
PTPRN2	0	17	22	1.14873273174159
PTPRN2	0	17	23	-1.38290071211923
PTPRN2	0	17	24	-2.59254321046124
PTPRN2	1	17	25	0.912962328591592
PTPRN2	1	17	26	-0.114775901664092
PTPRN2	1	17	27	0.740070679683636
PTPRN2	1	17	28	1.29221264123408
PTPRN2	1	17	29	0.960329130202295
PTPRN2	1	17	30	2.05754764233218
PTPRN2	1	17	31	-1.82489840286613
PTPRN2	1	17	32	-0.810692475262724
PTPRN2	1	17	33	-0.779883251127884
PTPRN2	1	17	34	-1.6518267407212
PTPRN2	1	17	35	0.368329056816961
PTPRN2	1	17	36	0.887650562841001
PTPRN2	1	17	37	1.00269330472067
PTPRN2	1	17	38	1.02706002144836
PTPRN2	1	17	39	0.441930696811859
PTPRN2	1	17	40	1.31533648867866
PTPRN2	1	17	41	-2.18782182687407
PTPRN2	1	17	42	0.937168988628672
HLA-DPB1	0	18	1	0.651768734139864
HLA-DPB1	0	18	2	1.04778968576458
HLA-DPB1	0	18	3	-0.3425277001226
HLA-DPB1	0	18	4	0.357361543460794
HLA-DPB1	0	18	5	1.00776211241534
HLA-DPB1	0	18	6	0.896574502875007
HLA-DPB1	0	18	7	0.826635133440544
HLA-DPB1	0	18	8	-0.106128470440399
HLA-DPB1	0	18	9	0.400755611752036
HLA-DPB1	0	18	10	0.455774458958494
HLA-DPB1	0	18	11	-1.12080236814427
HLA-DPB1	0	18	12	0.699243169683423
HLA-DPB1	0	18	13	-1.31569628709512
HLA-DPB1	0	18	14	-0.10085035585034
HLA-DPB1	0	18	15	1.47709018994597
HLA-DPB1	0	18	16	0.0428480057784123
HLA-DPB1	0	18	17	-0.46017192988812
HLA-DPB1	0	18	18	1.02235061165652
HLA-DPB1	0	18	19	-0.633867127483431
HLA-DPB1	0	18	20	0.742084964987809
HLA-DPB1	0	18	21	-0.343432696667189
HLA-DPB1	0	18	22	-1.4023478365212
HLA-DPB1	0	18	23	-2.66188676051938
HLA-DPB1	0	18	24	-1.14032719212674
HLA-DPB1	1	18	25	-0.563094414493751
HLA-DPB1	1	18	26	0.538450835285645
HLA-DPB1	1	18	27	0.503143573579512
HLA-DPB1	1	18	28	1.2894904014017
HLA-DPB1	1	18	29	2.36352722453181
HLA-DPB1	1	18	30	0.113384338212072
HLA-DPB1	1	18	31	-0.450191422505564
HLA-DPB1	1	18	32	-0.496685898470539
HLA-DPB1	1	18	33	-0.425791975397007
HLA-DPB1	1	18	34	-0.236052293212618
HLA-DPB1	1	18	35	-0.238996298342475
HLA-DPB1	1	18	36	-0.38392595014304
HLA-DPB1	1	18	37	1.96110240695083
HLA-DPB1	1	18	38	-1.18172262178272
HLA-DPB1	1	18	39	-0.417455942519633
HLA-DPB1	1	18	40	1.6725094839953
HLA-DPB1	1	18	41	-2.82251885184087
HLA-DPB1	1	18	42	-0.0959289879868847
FASLG	0	19	1	0.920757385472761
FASLG	0	19	2	-0.0246838230210393
FASLG	0	19	3	2.01923954605331
FASLG	0	19	4	-0.384368823653745
FASLG	0	19	5	-1.31172709445627
FASLG	0	19	6	-1.36368434323391
FASLG	0	19	7	-0.626459670597854
FASLG	0	19	8	-0.518782988784069
FASLG	0	19	9	1.37990328493162
FASLG	0	19	10	-0.213639326168951
FASLG	0	19	11	-0.0939069535788249
FASLG	0	19	12	0.0310605885496511
FASLG	0	19	13	-0.853538595521829
FASLG	0	19	14	0.86780310695057
FASLG	0	19	15	-0.167244579782187
FASLG	0	19	16	0.320068130546383
FASLG	0	19	17	0.400128118065005
FASLG	0	19	18	2.03960889418583
FASLG	0	19	19	-2.11685634865418
FASLG	0	19	20	0.568593388480734
FASLG	0	19	21	-0.0591050616376115
FASLG	0	19	22	0.215342357500255
FASLG	0	19	23	-0.0615781881301063
FASLG	0	19	24	-0.966929003515572
FASLG	1	19	25	-0.765678958748107
FASLG	1	19	26	-0.431320028940333
FASLG	1	19	27	0.548276640709237
FASLG	1	19	28	1.57556729008614
FASLG	1	19	29	0.728496905084611
FASLG	1	19	30	-1.33759849453141
FASLG	1	19	31	1.76393313255833
FASLG	1	19	32	0.315681992833263
FASLG	1	19	33	1.8500094155347
FASLG	1	19	34	2.66165640508966
FASLG	1	19	35	0.028657340399459
FASLG	1	19	36	-0.937378990163907
FASLG	1	19	37	1.07102436193516
FASLG	1	19	38	-0.917832012417016
FASLG	1	19	39	-2.59327339578003
FASLG	1	19	40	-0.650233557404623
FASLG	1	19	41	1.30387615607957
FASLG	1	19	42	-1.54863175102641
IL1B	0	20	1	-0.156731927300603
IL1B	0	20	2	1.0913291198615
IL1B	0	20	3	-0.500693698421882
IL1B	0	20	4	-0.218942008746427
IL1B	0	20	5	-0.611150634878136
IL1B	0	20	6	-0.56851214927395
IL1B	0	20	7	-0.0816014980502195
IL1B	0	20	8	0.221915998197222
IL1B	0	20	9	0.976790068031568
IL1B	0	20	10	1.77501810259305
IL1B	0	20	11	-0.528962588316718
IL1B	0	20	12	-0.1869628602619
IL1B	0	20	13	-0.236453409874621
IL1B	0	20	14	0.223021408141313
IL1B	0	20	15	0.804552750808797
IL1B	0	20	16	-2.66562350144486
IL1B	0	20	17	0.446527400197595
IL1B	0	20	18	-0.151515099268368
IL1B	0	20	19	1.35138878455385
IL1B	0	20	20	1.64296856948546
IL1B	0	20	21	0.515596867869422
IL1B	0	20	22	-1.16822314575946
IL1B	0	20	23	-0.733118517534158
IL1B	0	20	24	-1.24061803060845
IL1B	1	20	25	-0.658668370376803
IL1B	1	20	26	-1.47622316479091
IL1B	1	20	27	-1.19175708792656
IL1B	1	20	28	0.515596867869422
IL1B	1	20	29	-1.11589582739938
IL1B	1	20	30	-1.78529338629195
IL1B	1	20	31	0.108573647119684
IL1B	1	20	32	-1.44497342411214
IL1B	1	20	33	0.370123081243257
IL1B	1	20	34	0.309227623262048
IL1B	1	20	35	2.37308285922576
IL1B	1	20	36	-1.51145560213301
IL1B	1	20	37	0.368050123029906
IL1B	1	20	38	0.805408659272216
IL1B	1	20	39	-2.24032233669159
IL1B	1	20	40	-1.02234143537658
IL1B	1	20	41	-1.35924612499075
IL1B	1	20	42	-1.48673577641451
PTPRN	0	21	1	0.31748512938824
PTPRN	0	21	2	0.81983247779926
PTPRN	0	21	3	0.369126247450528
PTPRN	0	21	4	-0.665883842688094
PTPRN	0	21	5	1.26357405582567
PTPRN	0	21	6	0.144870439003868
PTPRN	0	21	7	-0.894172313493839
PTPRN	0	21	8	0.75084479219502
PTPRN	0	21	9	1.27095160328268
PTPRN	0	21	10	0.361088703840585
PTPRN	0	21	11	0.538327384464473
PTPRN	0	21	12	0.107215525598032
PTPRN	0	21	13	0.11829538635968
PTPRN	0	21	14	-0.229471377619866
PTPRN	0	21	15	0.396925961286319
PTPRN	0	21	16	-1.78190588231378
PTPRN	0	21	17	0.457352637509931
PTPRN	0	21	18	0.662137829189895
PTPRN	0	21	19	-1.90296201152712
PTPRN	0	21	20	0.791805839620699
PTPRN	0	21	21	-1.38042731979416
PTPRN	0	21	22	-2.43725966939946
PTPRN	0	21	23	0.298006001593027
PTPRN	0	21	24	0.624242402428414
PTPRN	1	21	25	0.66543640024595
PTPRN	1	21	26	0.282523003153578
PTPRN	1	21	27	0.333984139158034
PTPRN	1	21	28	1.05367729199783
PTPRN	1	21	29	0.836598676179918
PTPRN	1	21	30	0.634366313840755
PTPRN	1	21	31	0.652198729478214
PTPRN	1	21	32	-0.142694563633236
PTPRN	1	21	33	0.431933648750703
PTPRN	1	21	34	2.10877113646439
PTPRN	1	21	35	0.50938115676995
PTPRN	1	21	36	-0.338501434124783
PTPRN	1	21	37	-2.19317686446641
PTPRN	1	21	38	0.619721041124744
PTPRN	1	21	39	1.04259118372563
PTPRN	1	21	40	0.626498024367295
PTPRN	1	21	41	-0.0659624589076478
PTPRN	1	21	42	-2.02151955396751
HLA-DMA	0	22	1	0.300205073130803
HLA-DMA	0	22	2	0.573324046086874
HLA-DMA	0	22	3	-0.155801424326799
HLA-DMA	0	22	4	0.505266086362714
HLA-DMA	0	22	5	0.316851902144525
HLA-DMA	0	22	6	1.36578165357079
HLA-DMA	0	22	7	0.770341505768068
HLA-DMA	0	22	8	-0.325949690485398
HLA-DMA	0	22	9	1.06100183973476
HLA-DMA	0	22	10	0.147577071950427
HLA-DMA	0	22	11	-0.708357401990043
HLA-DMA	0	22	12	-0.276446624251044
HLA-DMA	0	22	13	-1.09380968791913
HLA-DMA	0	22	14	0.0971378803005322
HLA-DMA	0	22	15	2.38461753913771
HLA-DMA	0	22	16	-0.376425462910982
HLA-DMA	0	22	17	0.136273831777841
HLA-DMA	0	22	18	-0.705211718787788
HLA-DMA	0	22	19	-1.35074904452036
HLA-DMA	0	22	20	1.44827452656597
HLA-DMA	0	22	21	-0.518591800422786
HLA-DMA	0	22	22	-0.0856906564614082
HLA-DMA	0	22	23	-1.79738086288395
HLA-DMA	0	22	24	-1.71223858157133
HLA-DMA	1	22	25	-1.44184389300254
HLA-DMA	1	22	26	0.959669615620332
HLA-DMA	1	22	27	0.969984611544118
HLA-DMA	1	22	28	0.0436760137901475
HLA-DMA	1	22	29	2.8586201050577
HLA-DMA	1	22	30	-0.468957680721643
HLA-DMA	1	22	31	1.48740095929661
HLA-DMA	1	22	32	-1.4520343834975
HLA-DMA	1	22	33	-0.302422333898053
HLA-DMA	1	22	34	0.41104160977703
HLA-DMA	1	22	35	-0.473057425283081
HLA-DMA	1	22	36	-0.376820647804766
HLA-DMA	1	22	37	1.54434071668389
HLA-DMA	1	22	38	-0.243591454238952
HLA-DMA	1	22	39	-0.444495670168179
HLA-DMA	1	22	40	1.90131629815582
HLA-DMA	1	22	41	-1.75175573792548
HLA-DMA	1	22	42	0.0643957517958635
HLA-A	0	23	1	1.26824060917869
HLA-A	0	23	2	1.49028536956846
HLA-A	0	23	3	-1.53220804007074
HLA-A	0	23	4	0.839842069090268
HLA-A	0	23	5	0.399203709203716
HLA-A	0	23	6	1.12796349453589
HLA-A	0	23	7	0.882263092546496
HLA-A	0	23	8	0.290381008622823
HLA-A	0	23	9	0.830197821813694
HLA-A	0	23	10	-0.26595683012097
HLA-A	0	23	11	0.529606029799757
HLA-A	0	23	12	-1.59153761881119
HLA-A	0	23	13	-2.00372111747433
HLA-A	0	23	14	0.159687687995463
HLA-A	0	23	15	-0.91711197444286
HLA-A	0	23	16	-0.385118539795496
HLA-A	0	23	17	-0.591230239803826
HLA-A	0	23	18	-1.60604474615138
HLA-A	0	23	19	0.413840146511772
HLA-A	0	23	20	1.14846930252682
HLA-A	0	23	21	-0.0799553754712593
HLA-A	0	23	22	-0.0573327302162462
HLA-A	0	23	23	0.429260001210477
HLA-A	0	23	24	-0.779023130246001
HLA-A	1	23	25	0.164786690748542
HLA-A	1	23	26	1.33057467898137
HLA-A	1	23	27	1.02779016836015
HLA-A	1	23	28	0.353301845486185
HLA-A	1	23	29	0.829340389032052
HLA-A	1	23	30	-0.924251053534326
HLA-A	1	23	31	-0.532709123943994
HLA-A	1	23	32	-0.672499382398933
HLA-A	1	23	33	-1.72019422501923
HLA-A	1	23	34	0.822138447449488
HLA-A	1	23	35	0.969020297500917
HLA-A	1	23	36	-0.461432284743424
HLA-A	1	23	37	1.8944633073968
HLA-A	1	23	38	1.80810853476556
HLA-A	1	23	39	0.212976066887736
HLA-A	1	23	40	0.269427291313963
HLA-A	1	23	41	0.116215009055649
HLA-A	1	23	42	0.633385746980614
HLA-DQA2	0	24	1	-0.80577720349964
HLA-DQA2	0	24	2	1.56416141237254
HLA-DQA2	0	24	3	0.347434250899065
HLA-DQA2	0	24	4	1.16632039501687
HLA-DQA2	0	24	5	-0.0450473120958221
HLA-DQA2	0	24	6	0.166115846357144
HLA-DQA2	0	24	7	1.58364658543502
HLA-DQA2	0	24	8	0.236521376364372
HLA-DQA2	0	24	9	0.106357542636507
HLA-DQA2	0	24	10	1.00084070014701
HLA-DQA2	0	24	11	-0.172395879723452
HLA-DQA2	0	24	12	0.317256866472689
HLA-DQA2	0	24	13	0.859997564405898
HLA-DQA2	0	24	14	0.261953471641435
HLA-DQA2	0	24	15	0.323245479140551
HLA-DQA2	0	24	16	0.734808140818218
HLA-DQA2	0	24	17	-1.21302653146681
HLA-DQA2	0	24	18	-0.894861419937477
HLA-DQA2	0	24	19	0.277858125667138
HLA-DQA2	0	24	20	0.388227147553191
HLA-DQA2	0	24	21	-0.84003272542596
HLA-DQA2	0	24	22	-1.74456304550869
HLA-DQA2	0	24	23	-2.27619709501558
HLA-DQA2	0	24	24	-1.34284369225422
HLA-DQA2	1	24	25	-0.922480093530834
HLA-DQA2	1	24	26	0.849590814412725
HLA-DQA2	1	24	27	-0.121541580718015
HLA-DQA2	1	24	28	0.47876128372686
HLA-DQA2	1	24	29	1.26653462592028
HLA-DQA2	1	24	30	-0.562419085290779
HLA-DQA2	1	24	31	1.10865458168948
HLA-DQA2	1	24	32	-0.891832005779498
HLA-DQA2	1	24	33	1.01940346903699
HLA-DQA2	1	24	34	-0.345228445185851
HLA-DQA2	1	24	35	1.25347021139377
HLA-DQA2	1	24	36	-0.20415857428139
HLA-DQA2	1	24	37	1.66783496210401
HLA-DQA2	1	24	38	-0.917832086283346
HLA-DQA2	1	24	39	-2.16492664423208
HLA-DQA2	1	24	40	0.126399701195442
HLA-DQA2	1	24	41	-2.53599790973521
HLA-DQA2	1	24	42	0.513957189825853
HLA-DRB1	0	25	1	0.0149279546630664
HLA-DRB1	0	25	2	0.38130307083055
HLA-DRB1	0	25	3	-1.11301631523259
HLA-DRB1	0	25	4	-0.133032249921383
HLA-DRB1	0	25	5	0.823466854158683
HLA-DRB1	0	25	6	0.859051710794709
HLA-DRB1	0	25	7	1.17077451348009
HLA-DRB1	0	25	8	-0.395692685334209
HLA-DRB1	0	25	9	1.03588779282913
HLA-DRB1	0	25	10	0.145000736015919
HLA-DRB1	0	25	11	-1.00232007218499
HLA-DRB1	0	25	12	-0.22196275309595
HLA-DRB1	0	25	13	-0.305167226419754
HLA-DRB1	0	25	14	0.419180392458567
HLA-DRB1	0	25	15	2.17010056982933
HLA-DRB1	0	25	16	0.606912535273855
HLA-DRB1	0	25	17	0.1030527714446
HLA-DRB1	0	25	18	-0.36583031326916
HLA-DRB1	0	25	19	0.246063242061071
HLA-DRB1	0	25	20	1.03855991739833
HLA-DRB1	0	25	21	-0.431724439695128
HLA-DRB1	0	25	22	-0.785855739147205
HLA-DRB1	0	25	23	-2.13208255644834
HLA-DRB1	0	25	24	-2.12759771048918
HLA-DRB1	1	25	25	-0.999452097448943
HLA-DRB1	1	25	26	1.13025316630829
HLA-DRB1	1	25	27	0.186306340399354
HLA-DRB1	1	25	28	-0.843223578498009
HLA-DRB1	1	25	29	1.6050312762503
HLA-DRB1	1	25	30	0.172285079958912
HLA-DRB1	1	25	31	-0.260700558480401
HLA-DRB1	1	25	32	-1.36367102552593
HLA-DRB1	1	25	33	-0.824466006844186
HLA-DRB1	1	25	34	0.538311359750593
HLA-DRB1	1	25	35	0.163414264930721
HLA-DRB1	1	25	36	0.00991009214277208
HLA-DRB1	1	25	37	1.71288891314524
HLA-DRB1	1	25	38	0.245144602091251
HLA-DRB1	1	25	39	0.337349914677902
HLA-DRB1	1	25	40	1.70493254646866
HLA-DRB1	1	25	41	-1.9384834167432
HLA-DRB1	1	25	42	0.707352269089517
HLA-DMB	0	26	1	0.316083818231514
HLA-DMB	0	26	2	0.526559600774001
HLA-DMB	0	26	3	0.690033882758546
HLA-DMB	0	26	4	-0.296866936722298
HLA-DMB	0	26	5	0.4952224382325
HLA-DMB	0	26	6	0.573718044933756
HLA-DMB	0	26	7	1.43901487378524
HLA-DMB	0	26	8	0.715905152977654
HLA-DMB	0	26	9	0.0757573917553873
HLA-DMB	0	26	10	-0.31793496509775
HLA-DMB	0	26	11	-0.749363807535564
HLA-DMB	0	26	12	0.0856863553246979
HLA-DMB	0	26	13	-1.33272632048565
HLA-DMB	0	26	14	-0.0228236862767546
HLA-DMB	0	26	15	0.540653755196582
HLA-DMB	0	26	16	-1.27095537212649
HLA-DMB	0	26	17	0.616138053047546
HLA-DMB	0	26	18	0.795652358435575
HLA-DMB	0	26	19	-1.10693323211547
HLA-DMB	0	26	20	1.5176088343978
HLA-DMB	0	26	21	1.38961618372813
HLA-DMB	0	26	22	-0.956728328945183
HLA-DMB	0	26	23	-1.52863837411603
HLA-DMB	0	26	24	-2.19467972015776
HLA-DMB	1	26	25	-0.461100631460544
HLA-DMB	1	26	26	0.28651868305257
HLA-DMB	1	26	27	1.31254002706666
HLA-DMB	1	26	28	1.20771069256213
HLA-DMB	1	26	29	1.42312943005302
HLA-DMB	1	26	30	-0.147249970840299
HLA-DMB	1	26	31	1.1771266475971
HLA-DMB	1	26	32	-0.862026535378786
HLA-DMB	1	26	33	-0.392431327427466
HLA-DMB	1	26	34	-0.274790352098192
HLA-DMB	1	26	35	-0.107194072100401
HLA-DMB	1	26	36	-0.755496380709456
HLA-DMB	1	26	37	1.56658938163923
HLA-DMB	1	26	38	-0.296075250340207
HLA-DMB	1	26	39	-0.408086063200798
HLA-DMB	1	26	40	1.75557147129237
HLA-DMB	1	26	41	-1.97047971419046
HLA-DMB	1	26	42	-1.0693597604855
HLA-DPA1	0	27	1	0.476848889668354
HLA-DPA1	0	27	2	1.29436503600894
HLA-DPA1	0	27	3	0.468738314127505
HLA-DPA1	0	27	4	-2.09274851970805
HLA-DPA1	0	27	5	-1.31288555587056
HLA-DPA1	0	27	6	1.15105926447217
HLA-DPA1	0	27	7	0.368538573071484
HLA-DPA1	0	27	8	0.442023369197492
HLA-DPA1	0	27	9	0.0550977845316417
HLA-DPA1	0	27	10	0.347294480882587
HLA-DPA1	0	27	11	0.351604287153583
HLA-DPA1	0	27	12	0.3401041395989
HLA-DPA1	0	27	13	-0.683639507385944
HLA-DPA1	0	27	14	0.853306225410109
HLA-DPA1	0	27	15	1.36310420136025
HLA-DPA1	0	27	16	-0.318701717555343
HLA-DPA1	0	27	17	0.671740447857322
HLA-DPA1	0	27	18	0.851574294954228
HLA-DPA1	0	27	19	0.381806559523287
HLA-DPA1	0	27	20	0.574082824299074
HLA-DPA1	0	27	21	-1.40168390017941
HLA-DPA1	0	27	22	-1.66501057732851
HLA-DPA1	0	27	23	-1.407678793391
HLA-DPA1	0	27	24	-1.1089401206981
HLA-DPA1	1	27	25	0.573260778586556
HLA-DPA1	1	27	26	0.21731817370269
HLA-DPA1	1	27	27	0.153121111826862
HLA-DPA1	1	27	28	0.00158124688777142
HLA-DPA1	1	27	29	-1.70154500106591
HLA-DPA1	1	27	30	0.109178349004478
HLA-DPA1	1	27	31	0.68232948148984
HLA-DPA1	1	27	32	-2.02601207297712
HLA-DPA1	1	27	33	-0.374093947981484
HLA-DPA1	1	27	34	-0.448321469794059
HLA-DPA1	1	27	35	0.807740034175147
HLA-DPA1	1	27	36	0.538791592328922
HLA-DPA1	1	27	37	1.27130173265144
HLA-DPA1	1	27	38	0.455758169100165
HLA-DPA1	1	27	39	0.0584061517962562
HLA-DPA1	1	27	40	-0.668393082200886
HLA-DPA1	1	27	41	-1.10415752942231
HLA-DPA1	1	27	42	-0.432230303924174
HLA-DQA1	0	28	1	-1.25250900382454
HLA-DQA1	0	28	2	1.43169305382505
HLA-DQA1	0	28	3	-0.411359230658425
HLA-DQA1	0	28	4	0.819793420473615
HLA-DQA1	0	28	5	1.45010750469574
HLA-DQA1	0	28	6	1.18325156090109
HLA-DQA1	0	28	7	-0.994255304706088
HLA-DQA1	0	28	8	0.192068121943808
HLA-DQA1	0	28	9	-1.72712626559929
HLA-DQA1	0	28	10	-0.92025390809244
HLA-DQA1	0	28	11	0.636560946423087
HLA-DQA1	0	28	12	-1.23852005580631
HLA-DQA1	0	28	13	-1.19010518079819
HLA-DQA1	0	28	14	0.621324993687797
HLA-DQA1	0	28	15	0.489928324725
HLA-DQA1	0	28	16	-1.15742119102956
HLA-DQA1	0	28	17	0.110531991338726
HLA-DQA1	0	28	18	0.749188073745791
HLA-DQA1	0	28	19	0.955834840534474
HLA-DQA1	0	28	20	0.813089656738857
HLA-DQA1	0	28	21	0.583751103816454
HLA-DQA1	0	28	22	0.654636060003413
HLA-DQA1	0	28	23	-1.30192555247228
HLA-DQA1	0	28	24	-0.498283959865796
HLA-DQA1	1	28	25	0.735866732761238
HLA-DQA1	1	28	26	-0.930601029716164
HLA-DQA1	1	28	27	1.37316897892934
HLA-DQA1	1	28	28	0.00203814930017359
HLA-DQA1	1	28	29	1.59367117305124
HLA-DQA1	1	28	30	0.135679763253423
HLA-DQA1	1	28	31	0.0551742674131728
HLA-DQA1	1	28	32	0.36646537693391
HLA-DQA1	1	28	33	0.44638483552983
HLA-DQA1	1	28	34	0.85788125529775
HLA-DQA1	1	28	35	-1.41035685263513
HLA-DQA1	1	28	36	-1.8127514841359
HLA-DQA1	1	28	37	-0.13247104388943
HLA-DQA1	1	28	38	0.952583551697001
HLA-DQA1	1	28	39	0.674446662155317
HLA-DQA1	1	28	40	1.66626590384976
HLA-DQA1	1	28	41	0.0555994787545291
HLA-DQA1	1	28	42	-1.35629163386767
HLA-G	0	29	1	0.695282113739316
HLA-G	0	29	2	0.678254728111957
HLA-G	0	29	3	-1.36390677842213
HLA-G	0	29	4	1.20388301510419
HLA-G	0	29	5	-1.03853845411931
HLA-G	0	29	6	0.60540946065082
HLA-G	0	29	7	0.568089933912299
HLA-G	0	29	8	-0.483843305975758
HLA-G	0	29	9	1.12069207112809
HLA-G	0	29	10	0.257679575431997
HLA-G	0	29	11	-1.34047056985435
HLA-G	0	29	12	-1.64924713062002
HLA-G	0	29	13	0.32631485392498
HLA-G	0	29	14	1.1136077208575
HLA-G	0	29	15	-0.127631499327865
HLA-G	0	29	16	1.16670400207635
HLA-G	0	29	17	-1.8330836715393
HLA-G	0	29	18	-0.4955462328574
HLA-G	0	29	19	0.98638689941484
HLA-G	0	29	20	0.315171028579723
HLA-G	0	29	21	-1.5663390646264
HLA-G	0	29	22	-0.332868933440417
HLA-G	0	29	23	0.260359540967648
HLA-G	0	29	24	0.933640696883247
HLA-G	1	29	25	-0.390584580397613
HLA-G	1	29	26	1.56162618898587
HLA-G	1	29	27	1.18636924261104
HLA-G	1	29	28	-2.18177279491046
HLA-G	1	29	29	-0.0042760953851913
HLA-G	1	29	30	-0.401324890017689
HLA-G	1	29	31	-1.7125741685341
HLA-G	1	29	32	1.23370745767789
HLA-G	1	29	33	-1.2839902794341
HLA-G	1	29	34	1.31267758478184
HLA-G	1	29	35	0.804325000253051
HLA-G	1	29	36	0.535708223211635
HLA-G	1	29	37	1.32788934629419
HLA-G	1	29	38	1.08932163495374
HLA-G	1	29	39	1.04534596293997
HLA-G	1	29	40	1.24918592098735
HLA-G	1	29	41	1.36258051916047
HLA-G	1	29	42	1.29081039156215
GAD2	0	30	1	0.88751420166431
GAD2	0	30	2	1.55099964660239
GAD2	0	30	3	0.891341579887127
GAD2	0	30	4	-1.44820409568331
GAD2	0	30	5	0.793478779838892
GAD2	0	30	6	0.408598363184277
GAD2	0	30	7	-2.37778825018895
GAD2	0	30	8	-0.419625823323695
GAD2	0	30	9	0.694990351444774
GAD2	0	30	10	0.566427421811793
GAD2	0	30	11	-0.0741498227905224
GAD2	0	30	12	-0.225502338347442
GAD2	0	30	13	0.195493728301386
GAD2	0	30	14	0.013198789209912
GAD2	0	30	15	0.279270666757326
GAD2	0	30	16	-0.088390715907112
GAD2	0	30	17	0.601885885085145
GAD2	0	30	18	0.0363980572927657
GAD2	0	30	19	-0.169568599951367
GAD2	0	30	20	0.813423127033884
GAD2	0	30	21	-2.15677941507268
GAD2	0	30	22	-0.110968119828859
GAD2	0	30	23	-1.62848988659006
GAD2	0	30	24	0.966446469569995
GAD2	1	30	25	-0.14006201334869
GAD2	1	30	26	-0.463166053081005
GAD2	1	30	27	-1.08536076920066
GAD2	1	30	28	1.39190912292841
GAD2	1	30	29	0.374562723472377
GAD2	1	30	30	1.23805952907198
GAD2	1	30	31	1.20762793861032
GAD2	1	30	32	1.15776772125075
GAD2	1	30	33	1.95318564641897
GAD2	1	30	34	2.59963826097144
GAD2	1	30	35	-0.522674649248105
GAD2	1	30	36	-1.14556309077724
GAD2	1	30	37	0.177607294134349
GAD2	1	30	38	1.31328684706853
GAD2	1	30	39	-0.31005603170489
GAD2	1	30	40	0.987242321164607
GAD2	1	30	41	1.41779967563182
GAD2	1	30	42	-0.475424070150701
FAS	0	31	1	0.0528252514348196
FAS	0	31	2	-1.20372907003245
FAS	0	31	3	0.192177404332622
FAS	0	31	4	0.464895035810772
FAS	0	31	5	-1.0027441892531
FAS	0	31	6	0.349259986094926
FAS	0	31	7	0.462198091385178
FAS	0	31	8	0.445714817765309
FAS	0	31	9	0.0615534790242786
FAS	0	31	10	0.257729485941716
FAS	0	31	11	-0.722566321167401
FAS	0	31	12	1.34927563198307
FAS	0	31	13	1.05813993048412
FAS	0	31	14	-0.263220526333408
FAS	0	31	15	0.901878179914289
FAS	0	31	16	-0.771758016374675
FAS	0	31	17	0.0389785999880727
FAS	0	31	18	0.558610507673957
FAS	0	31	19	0.32080968950271
FAS	0	31	20	0.49794024147459
FAS	0	31	21	1.07808654653956
FAS	0	31	22	0.808145776633192
FAS	0	31	23	-2.25302896268993
FAS	0	31	24	-2.68117157013219
FAS	1	31	25	-0.791846950509059
FAS	1	31	26	-0.549331843953215
FAS	1	31	27	0.409255416853242
FAS	1	31	28	0.694995822955823
FAS	1	31	29	0.0660321303985196
FAS	1	31	30	0.710281390974367
FAS	1	31	31	-0.235897220302855
FAS	1	31	32	-1.91156952502336
FAS	1	31	33	0.017991347989358
FAS	1	31	34	-1.16100614405361
FAS	1	31	35	0.78810304238988
FAS	1	31	36	0.453037577642344
FAS	1	31	37	0.205059149265433
FAS	1	31	38	-0.119650329491948
FAS	1	31	39	-1.09652653621638
FAS	1	31	40	-0.766989668508447
FAS	1	31	41	-1.8600353507145
FAS	1	31	42	-0.195423524131034
HLA-DRA	0	32	1	-0.529074416430352
HLA-DRA	0	32	2	-0.0689290742362334
HLA-DRA	0	32	3	-0.982439404962779
HLA-DRA	0	32	4	0.384003060441986
HLA-DRA	0	32	5	0.0548717650046266
HLA-DRA	0	32	6	0.71570144836925
HLA-DRA	0	32	7	1.2418463414699
HLA-DRA	0	32	8	0.633735469210137
HLA-DRA	0	32	9	1.10800769638898
HLA-DRA	0	32	10	-0.0597895436728461
HLA-DRA	0	32	11	-0.835081712760618
HLA-DRA	0	32	12	1.05773074814905
HLA-DRA	0	32	13	-0.241530030697732
HLA-DRA	0	32	14	-0.136630872128254
HLA-DRA	0	32	15	1.75340211962695
HLA-DRA	0	32	16	-1.2717419513994
HLA-DRA	0	32	17	0.569615876356991
HLA-DRA	0	32	18	-0.12715693991714
HLA-DRA	0	32	19	-0.731787654245739
HLA-DRA	0	32	20	1.68945351411306
HLA-DRA	0	32	21	0.124404749997292
HLA-DRA	0	32	22	-0.531340968408972
HLA-DRA	0	32	23	-1.99080827427131
HLA-DRA	0	32	24	-1.82646194599685
HLA-DRA	1	32	25	-0.389071709672236
HLA-DRA	1	32	26	1.54313711449348
HLA-DRA	1	32	27	1.2443459651267
HLA-DRA	1	32	28	-1.32518137075704
HLA-DRA	1	32	29	1.00106100645773
HLA-DRA	1	32	30	0.327659619546017
HLA-DRA	1	32	31	-1.16232951140834
HLA-DRA	1	32	32	-1.40649504996846
HLA-DRA	1	32	33	-0.720467502613845
HLA-DRA	1	32	34	-1.87992123450367
HLA-DRA	1	32	35	-0.243799189032574
HLA-DRA	1	32	36	-0.755912048087601
HLA-DRA	1	32	37	1.47874989899504
HLA-DRA	1	32	38	-0.122589868116342
HLA-DRA	1	32	39	-0.616393904036129
HLA-DRA	1	32	40	1.41704422366154
HLA-DRA	1	32	41	-2.07311642973801
HLA-DRA	1	32	42	-0.722977205797155
HLA-DRB4	0	33	1	-0.819081470140199
HLA-DRB4	0	33	2	0.763702579860956
HLA-DRB4	0	33	3	-1.29494291590731
HLA-DRB4	0	33	4	0.472000209095665
HLA-DRB4	0	33	5	1.07865542624679
HLA-DRB4	0	33	6	1.11515572278103
HLA-DRB4	0	33	7	0.323670415514739
HLA-DRB4	0	33	8	0.424027873289091
HLA-DRB4	0	33	9	-0.304924360917344
HLA-DRB4	0	33	10	-0.276712165970397
HLA-DRB4	0	33	11	-0.27761814124603
HLA-DRB4	0	33	12	-0.684744374254074
HLA-DRB4	0	33	13	-1.30037886409327
HLA-DRB4	0	33	14	0.396882929062028
HLA-DRB4	0	33	15	1.74580093802921
HLA-DRB4	0	33	16	-0.653818506823623
HLA-DRB4	0	33	17	0.834762745419514
HLA-DRB4	0	33	18	0.422880663087499
HLA-DRB4	0	33	19	-0.611642054993157
HLA-DRB4	0	33	20	1.64874390277664
HLA-DRB4	0	33	21	0.627002819668848
HLA-DRB4	0	33	22	-0.0599932623863156
HLA-DRB4	0	33	23	-2.22060945406065
HLA-DRB4	0	33	24	-1.34882065403961
HLA-DRB4	1	33	25	0.272807514593401
HLA-DRB4	1	33	26	0.0343496622063208
HLA-DRB4	1	33	27	0.8732685578284
HLA-DRB4	1	33	28	0.973098231543232
HLA-DRB4	1	33	29	1.37683771424062
HLA-DRB4	1	33	30	0.628875111945765
HLA-DRB4	1	33	31	0.583948067404849
HLA-DRB4	1	33	32	-0.472642970309204
HLA-DRB4	1	33	33	-0.366358086566839
HLA-DRB4	1	33	34	0.872692810812954
HLA-DRB4	1	33	35	-0.344718774753151
HLA-DRB4	1	33	36	-0.890680708315239
HLA-DRB4	1	33	37	1.50657664248375
HLA-DRB4	1	33	38	0.529122023356022
HLA-DRB4	1	33	39	0.118341407987388
HLA-DRB4	1	33	40	2.16770981787787
HLA-DRB4	1	33	41	-1.35855261301842
HLA-DRB4	1	33	42	-0.621124865792354
HLA-DOA	0	34	1	0.712566911185761
HLA-DOA	0	34	2	0.673014018268547
HLA-DOA	0	34	3	0.292420892258212
HLA-DOA	0	34	4	0.381770683921794
HLA-DOA	0	34	5	0.508467912651986
HLA-DOA	0	34	6	0.361471682592874
HLA-DOA	0	34	7	-0.0223406167492108
HLA-DOA	0	34	8	0.305496625444201
HLA-DOA	0	34	9	0.568911833703103
HLA-DOA	0	34	10	-1.54592221605731
HLA-DOA	0	34	11	-0.0364055089645976
HLA-DOA	0	34	12	0.415543377786028
HLA-DOA	0	34	13	0.923507185319859
HLA-DOA	0	34	14	-0.82143997390538
HLA-DOA	0	34	15	0.888921367823312
HLA-DOA	0	34	16	0.239015594005428
HLA-DOA	0	34	17	-2.07998063320177
HLA-DOA	0	34	18	0.00934814456258686
HLA-DOA	0	34	19	-0.697455622554776
HLA-DOA	0	34	20	0.111862939215181
HLA-DOA	0	34	21	1.19756023854838
HLA-DOA	0	34	22	-3.06967478151153
HLA-DOA	0	34	23	0.0708920597531821
HLA-DOA	0	34	24	0.612447885904142
HLA-DOA	1	34	25	0.400281004506532
HLA-DOA	1	34	26	0.155386579361523
HLA-DOA	1	34	27	0.0690044309385053
HLA-DOA	1	34	28	0.473705280704769
HLA-DOA	1	34	29	1.14082436126079
HLA-DOA	1	34	30	0.786434387762323
HLA-DOA	1	34	31	1.32771000367889
HLA-DOA	1	34	32	0.89230144792602
HLA-DOA	1	34	33	1.7053564302838
HLA-DOA	1	34	34	0.557839015500922
HLA-DOA	1	34	35	0.560614456152402
HLA-DOA	1	34	36	-0.138504776742134
HLA-DOA	1	34	37	-1.1754848498425
HLA-DOA	1	34	38	-0.270828137494202
HLA-DOA	1	34	39	-1.2004643229185
HLA-DOA	1	34	40	0.49696459240918
HLA-DOA	1	34	41	-1.35455834698012
HLA-DOA	1	34	42	0.262601385688333
CD28	0	35	1	-0.740014815240746
CD28	0	35	2	0.338512143077108
CD28	0	35	3	1.0356031451978
CD28	0	35	4	0.225680046472318
CD28	0	35	5	-0.859049659914927
CD28	0	35	6	-0.0981435453761937
CD28	0	35	7	-1.16943373237992
CD28	0	35	8	0.845025187262944
CD28	0	35	9	0.806399003357407
CD28	0	35	10	-0.997936139952085
CD28	0	35	11	0.223565797638329
CD28	0	35	12	0.165581215925057
CD28	0	35	13	-0.684858019515637
CD28	0	35	14	1.26011081989165
CD28	0	35	15	0.410843986619595
CD28	0	35	16	-0.778877400421674
CD28	0	35	17	1.20132734122663
CD28	0	35	18	0.831209270515885
CD28	0	35	19	-2.34650977759075
CD28	0	35	20	1.82099479229548
CD28	0	35	21	0.776513489242052
CD28	0	35	22	-0.729551278566635
CD28	0	35	23	-0.240946407449606
CD28	0	35	24	-1.29604546231407
CD28	1	35	25	-0.460629905967132
CD28	1	35	26	-0.778877400421674
CD28	1	35	27	-1.79514799122742
CD28	1	35	28	0.646999717062301
CD28	1	35	29	0.655461392500952
CD28	1	35	30	0.288046711090432
CD28	1	35	31	-0.238252708659519
CD28	1	35	32	0.533456894375915
CD28	1	35	33	0.595429797595375
CD28	1	35	34	0.540641781417073
CD28	1	35	35	0.176452296538756
CD28	1	35	36	-0.761114841644011
CD28	1	35	37	-1.06304869068195
CD28	1	35	38	0.200153812887559
CD28	1	35	39	0.00416255448975464
CD28	1	35	40	0.446952899109215
CD28	1	35	41	-0.337693439430189
CD28	1	35	42	0.433728633122999
HLA-C	0	36	1	0.553928066823174
HLA-C	0	36	2	0.445815863741343
HLA-C	0	36	3	0.0209478592962373
HLA-C	0	36	4	0.475423435341768
HLA-C	0	36	5	0.636860524803824
HLA-C	0	36	6	0.616162753555352
HLA-C	0	36	7	0.446039070632832
HLA-C	0	36	8	-0.689497365890697
HLA-C	0	36	9	1.01981353358657
HLA-C	0	36	10	0.662859921889878
HLA-C	0	36	11	0.374069083522531
HLA-C	0	36	12	-2.39757946402088
HLA-C	0	36	13	-0.271194118295471
HLA-C	0	36	14	0.708144135009577
HLA-C	0	36	15	0.647541991252948
HLA-C	0	36	16	0.329822843694619
HLA-C	0	36	17	-0.293460524783384
HLA-C	0	36	18	-2.56950153133131
HLA-C	0	36	19	0.632208132603794
HLA-C	0	36	20	1.58600127867633
HLA-C	0	36	21	-0.175084011250703
HLA-C	0	36	22	-1.16565082929616
HLA-C	0	36	23	-0.990071729154164
HLA-C	0	36	24	-0.60359892040804
HLA-C	1	36	25	-0.572722304204844
HLA-C	1	36	26	0.789432114895285
HLA-C	1	36	27	0.105769227128968
HLA-C	1	36	28	-1.04060399177071
HLA-C	1	36	29	1.14153594707424
HLA-C	1	36	30	-0.830789991714228
HLA-C	1	36	31	-1.03257979511372
HLA-C	1	36	32	-0.140262043700289
HLA-C	1	36	33	-1.16152206684821
HLA-C	1	36	34	-0.507392969411008
HLA-C	1	36	35	-0.0837774609675838
HLA-C	1	36	36	-0.645870019431133
HLA-C	1	36	37	1.45461182545042
HLA-C	1	36	38	1.49022870983109
HLA-C	1	36	39	1.6784179320193
HLA-C	1	36	40	1.56244397153626
HLA-C	1	36	41	0.263969260102057
HLA-C	1	36	42	0.377999005988433
HLA-B	0	37	1	0.459095198231486
HLA-B	0	37	2	-0.256938599076848
HLA-B	0	37	3	-0.740233130664666
HLA-B	0	37	4	0.830956585966837
HLA-B	0	37	5	0.517824308672955
HLA-B	0	37	6	0.451548998045255
HLA-B	0	37	7	0.955987095158936
HLA-B	0	37	8	-0.583267530457934
HLA-B	0	37	9	1.15747760051995
HLA-B	0	37	10	0.142303404162637
HLA-B	0	37	11	-0.846026722327187
HLA-B	0	37	12	-1.15167839865954
HLA-B	0	37	13	0.00758138856280481
HLA-B	0	37	14	1.09910144107992
HLA-B	0	37	15	-0.367787418129904
HLA-B	0	37	16	1.1961582229906
HLA-B	0	37	17	-0.402169225220528
HLA-B	0	37	18	-3.13756126062005
HLA-B	0	37	19	1.43248519819531
HLA-B	0	37	20	0.558861650822965
HLA-B	0	37	21	-0.321466608641533
HLA-B	0	37	22	-1.0250361675718
HLA-B	0	37	23	0.18122486369272
HLA-B	0	37	24	-0.158440894732378
HLA-B	1	37	25	-0.169139524084293
HLA-B	1	37	26	1.40852349038664
HLA-B	1	37	27	1.26015787535223
HLA-B	1	37	28	-1.29307500482986
HLA-B	1	37	29	0.735721291777194
HLA-B	1	37	30	-1.32351926061562
HLA-B	1	37	31	-1.39722236235665
HLA-B	1	37	32	0.609527452426332
HLA-B	1	37	33	-0.583599729809775
HLA-B	1	37	34	0.58935709134429
HLA-B	1	37	35	-0.0264831026024679
HLA-B	1	37	36	0.108960194561964
HLA-B	1	37	37	1.63664945834856
HLA-B	1	37	38	1.17134419731691
HLA-B	1	37	39	1.67960750265671
HLA-B	1	37	40	1.01486329623192
HLA-B	1	37	41	1.44249983031521
HLA-B	1	37	42	1.27018033402684
GAD1	0	38	1	0.532406267800878
GAD1	0	38	2	0.465867702305199
GAD1	0	38	3	0.113106986801464
GAD1	0	38	4	0.636148787523535
GAD1	0	38	5	0.659384705244225
GAD1	0	38	6	-0.265823719400376
GAD1	0	38	7	0.0562189140457062
GAD1	0	38	8	-0.271703889282606
GAD1	0	38	9	-0.0738471340630408
GAD1	0	38	10	0.265389980181403
GAD1	0	38	11	0.711045051205493
GAD1	0	38	12	1.39303297474992
GAD1	0	38	13	-2.40986489362476
GAD1	0	38	14	-0.076347891844898
GAD1	0	38	15	-0.466522810901012
GAD1	0	38	16	-2.26112873400306
GAD1	0	38	17	-1.42395529734466
GAD1	0	38	18	0.529392129776221
GAD1	0	38	19	-0.216975624235517
GAD1	0	38	20	1.34363483950959
GAD1	0	38	21	1.68213403794926
GAD1	0	38	22	-0.216975624235517
GAD1	0	38	23	0.171489890686157
GAD1	0	38	24	-0.876106648843605
GAD1	1	38	25	-0.594526950269515
GAD1	1	38	26	0.772941693972083
GAD1	1	38	27	0.0562189140457062
GAD1	1	38	28	1.49151726174845
GAD1	1	38	29	-0.77320943302944
GAD1	1	38	30	0.265389980181403
GAD1	1	38	31	-1.44734259872841
GAD1	1	38	32	0.55772445779254
GAD1	1	38	33	0.341911801852696
GAD1	1	38	34	0.722656473277756
GAD1	1	38	35	0.0221250931917877
GAD1	1	38	36	-1.56296744559563
GAD1	1	38	37	0.340145584317132
GAD1	1	38	38	0.56360462767477
GAD1	1	38	39	1.06143120674346
GAD1	1	38	40	0.566533912278608
GAD1	1	38	41	-2.3249631833674
GAD1	1	38	42	-0.0297047950079781
HLA-DQB1	0	39	1	0.815499488782855
HLA-DQB1	0	39	2	-0.256827633327589
HLA-DQB1	0	39	3	0.88262704496413
HLA-DQB1	0	39	4	-1.33794029836799
HLA-DQB1	0	39	5	-0.340161872757015
HLA-DQB1	0	39	6	0.963169855478748
HLA-DQB1	0	39	7	1.04599620151491
HLA-DQB1	0	39	8	1.03634095722997
HLA-DQB1	0	39	9	-0.60448367627554
HLA-DQB1	0	39	10	0.794367662897872
HLA-DQB1	0	39	11	0.71709340114771
HLA-DQB1	0	39	12	0.443379849498077
HLA-DQB1	0	39	13	-0.657634472744861
HLA-DQB1	0	39	14	0.800586686609
HLA-DQB1	0	39	15	1.33130971921856
HLA-DQB1	0	39	16	0.555117265499583
HLA-DQB1	0	39	17	0.671042825995669
HLA-DQB1	0	39	18	-1.49083854993469
HLA-DQB1	0	39	19	-1.79083246895272
HLA-DQB1	0	39	20	-1.77216209632126
HLA-DQB1	0	39	21	-1.1202323842962
HLA-DQB1	0	39	22	-1.1202323842962
HLA-DQB1	0	39	23	0.183748734136902
HLA-DQB1	0	39	24	0.251066144300083
HLA-DQB1	1	39	25	0.513333589972589
HLA-DQB1	1	39	26	1.40003563106123
HLA-DQB1	1	39	27	-1.21839782914345
HLA-DQB1	1	39	28	-0.321400629199281
HLA-DQB1	1	39	29	-0.423921425436114
HLA-DQB1	1	39	30	0.428390991974026
HLA-DQB1	1	39	31	-1.31345967933136
HLA-DQB1	1	39	32	0.475296267701142
HLA-DQB1	1	39	33	-1.35488696615749
HLA-DQB1	1	39	34	1.03957821681496
HLA-DQB1	1	39	35	-0.44330371605231
HLA-DQB1	1	39	36	0.620549142138913
HLA-DQB1	1	39	37	1.88538716788839
HLA-DQB1	1	39	38	-1.16104536738053
HLA-DQB1	1	39	39	0.803840853036046
HLA-DQB1	1	39	40	-0.95205161055241
HLA-DQB1	1	39	41	0.239768861027084
HLA-DQB1	1	39	42	0.891582091823404
IL1A	0	40	1	0.205579156504695
IL1A	0	40	2	1.18755276686759
IL1A	0	40	3	1.32359460239754
IL1A	0	40	4	-0.880487677443783
IL1A	0	40	5	-0.773578689010511
IL1A	0	40	6	0.621717085216766
IL1A	0	40	7	-0.428842160847993
IL1A	0	40	8	-0.757163870225822
IL1A	0	40	9	0.33854663458818
IL1A	0	40	10	-0.815030858097063
IL1A	0	40	11	0.426602125869497
IL1A	0	40	12	0.551228515738321
IL1A	0	40	13	0.448200614618833
IL1A	0	40	14	0.00874975391575489
IL1A	0	40	15	-0.808774771114566
IL1A	0	40	16	0.410296015079725
IL1A	0	40	17	-0.491572917013758
IL1A	0	40	18	0.600113819052628
IL1A	0	40	19	0.580916250581664
IL1A	0	40	20	-0.250187408768992
IL1A	0	40	21	-3.28186027631077
IL1A	0	40	22	1.31067515106846
IL1A	0	40	23	-0.596042083263435
IL1A	0	40	24	1.06976822059705
IL1A	1	40	25	1.49675226653963
IL1A	1	40	26	-0.180720146041375
IL1A	1	40	27	-0.958422432606514
IL1A	1	40	28	1.09779366699494
IL1A	1	40	29	-0.704454401087281
IL1A	1	40	30	0.458939264398647
IL1A	1	40	31	1.43828002471354
IL1A	1	40	32	0.0799489437674864
IL1A	1	40	33	1.90265128345023
IL1A	1	40	34	1.39314738408925
IL1A	1	40	35	-1.37320798938248
IL1A	1	40	36	0.417101480169269
IL1A	1	40	37	0.0507541891600267
IL1A	1	40	38	-0.231384342419451
IL1A	1	40	39	-1.59175089624411
IL1A	1	40	40	0.620450792284326
IL1A	1	40	41	0.55382227254725
IL1A	1	40	42	-1.33542683796108
GZMB	0	41	1	-0.164092818431172
GZMB	0	41	2	-0.0322324231031063
GZMB	0	41	3	0.422684157757657
GZMB	0	41	4	0.13548423165464
GZMB	0	41	5	-0.886940406789259
GZMB	0	41	6	-0.378859004426885
GZMB	0	41	7	-0.837240402140622
GZMB	0	41	8	0.0158849629302281
GZMB	0	41	9	0.191833595221908
GZMB	0	41	10	0.4544872898375
GZMB	0	41	11	-1.03674647082642
GZMB	0	41	12	0.52319061982849
GZMB	0	41	13	-1.01153137894266
GZMB	0	41	14	1.05318415050292
GZMB	0	41	15	-0.445463860960965
GZMB	0	41	16	1.11004006698777
GZMB	0	41	17	-0.133448625628283
GZMB	0	41	18	1.63223109578634
GZMB	0	41	19	1.02705441950801
GZMB	0	41	20	-2.48012865350719
GZMB	0	41	21	1.71246490618782
GZMB	0	41	22	0.368759987467717
GZMB	0	41	23	-1.68395622516402
GZMB	0	41	24	0.443340786249581
GZMB	1	41	25	-0.172562010820567
GZMB	1	41	26	-0.0529715620109224
GZMB	1	41	27	0.0792851694622073
GZMB	1	41	28	0.893105871665272
GZMB	1	41	29	1.44321649708948
GZMB	1	41	30	-0.776315348638717
GZMB	1	41	31	0.886216335760753
GZMB	1	41	32	0.191833595221908
GZMB	1	41	33	1.05318415050292
GZMB	1	41	34	0.81693930065761
GZMB	1	41	35	0.507205607761741
GZMB	1	41	36	0.472879634808561
GZMB	1	41	37	0.463712128881819
GZMB	1	41	38	0.394041569331226
GZMB	1	41	39	0.08405107653424
GZMB	1	41	40	1.8680343646427
GZMB	1	41	41	0.62719424558684
GZMB	1	41	42	0.218135277913967
IL2	0	42	1	1.0887728313209
IL2	0	42	2	-1.49058465597477
IL2	0	42	3	-0.453578823562498
IL2	0	42	4	-0.0890507381237624
IL2	0	42	5	0.281801259269091
IL2	0	42	6	0.168774780361285
IL2	0	42	7	-0.23905073601974
IL2	0	42	8	0.872759668527594
IL2	0	42	9	0.368421407812014
IL2	0	42	10	-1.56798648504533
IL2	0	42	11	-0.465207222722223
IL2	0	42	12	1.05974032877384
IL2	0	42	13	-1.45427104789852
IL2	0	42	14	0.726044724805424
IL2	0	42	15	1.41337137981693
IL2	0	42	16	0.773817807188094
IL2	0	42	17	0.937939678106479
IL2	0	42	18	0.463978150046525
IL2	0	42	19	-1.26291659733938
IL2	0	42	20	-1.23467422944246
IL2	0	42	21	1.260765841341
IL2	0	42	22	0.463978150046525
IL2	0	42	23	0.174495442317664
IL2	0	42	24	-1.79734091360467
IL2	1	42	25	-0.23905073601974
IL2	1	42	26	0.625477436393795
IL2	1	42	27	0.103292661807354
IL2	1	42	28	0.382072210753452
IL2	1	42	29	-1.1807449988332
IL2	1	42	30	0.682029251574174
IL2	1	42	31	1.52878499094776
IL2	1	42	32	-0.675489193045581
IL2	1	42	33	0.321343763335004
IL2	1	42	34	0.197017148258198
IL2	1	42	35	-0.632087421024235
IL2	1	42	36	0.391057740370641
IL2	1	42	37	-0.646320682567902
IL2	1	42	38	-0.0588932782741059
IL2	1	42	39	0.0524468307097521
IL2	1	42	40	-1.60936882403488
IL2	1	42	41	0.301792209965065
IL2	1	42	42	-0.344961164656067
